{"schemaVersion":"1.0","appDefinitionTemplate":{"id":"/providers/Microsoft.PowerApps/apps/","type":"Microsoft.PowerApps/apps","tags":{"primaryDeviceWidth":"1440","primaryDeviceHeight":"810","sienaVersion":"20240930T064730Z-3.24092.17.0","deviceCapabilities":"","supportsPortrait":"false","supportsLandscape":"true","primaryFormFactor":"Tablet","publisherVersion":"3.24092.17","minimumRequiredApiVersion":"2.2.0","hasComponent":"true","hasUnlockedComponent":"true","isUnifiedRootApp":"false","showStatusBar":"false"},"properties":{"appVersion":"2024-09-30T06:47:30Z","lifeCycleId":"Published","createdByClientVersion":{"major":3,"minor":24092,"build":17,"revision":0,"majorRevision":0,"minorRevision":0},"minClientVersion":{"major":3,"minor":24092,"build":17,"revision":0,"majorRevision":0,"minorRevision":0},"backgroundColor":"rgba(255, 255, 255, 1)","backgroundImageUri":"/13294189333376081004/Nf151b3f8-fc21-4dbc-af19-9fed2c666feb-logoSmallFile","displayName":"M365 Provisioning Tool","description":"Microsoft 365 Provisioning Tool for Teams, SharePoint and Microsoft 365 Group Mailboxes","commitMessage":"","appUris":{"documentUri":{"value":"/13294189333376081004/N96c9a172-6fb8-4845-85ce-9ae7f09e7424-document.msapp"},"imageUris":[],"additionalUris":[{"isSolutionAware":false,"value":"/13294189333376081004/N2d057e51-1ed0-440f-ac3f-c3f74a68c643-identity.json"}]},"createdTime":"0001-01-01T00:00:00Z","lastModifiedTime":"0001-01-01T00:00:00Z","sharedGroupsCount":0,"sharedUsersCount":0,"connectionReferences":{"9d5036a3-8b23-4125-a5cc-7dc0dbb2f8cb":{"id":"2fd420bb-a93e-40e4-af83-45525dc75b6b","displayName":"Office 365 Users","iconUri":"https://connectoricons-prod.azureedge.net/releases/v1.0.1715/1.0.1715.3906/office365users/icon.png","dataSources":["Office365Users"],"dependencies":[],"dependents":[],"parameterHints":{},"parameterHintsV2":{},"isOnPremiseConnection":false,"bypassConsent":false,"dataSets":{},"apiTier":"Standard","isCustomApiConnection":false,"actions":["UserProfile","SearchUserV2","UserProfileV2"]},"4088f436-6167-46eb-ab04-7ca9cd623afc":{"id":"579d742a-31ed-47fd-9972-5abd6fb1010c","displayName":"Office 365 Groups","iconUri":"https://connectoricons-prod.azureedge.net/releases/v1.0.1681/1.0.1681.3663/office365groups/icon.png","dataSources":["Office365Groups"],"dependencies":[],"dependents":[],"parameterHints":{},"parameterHintsV2":{},"isOnPremiseConnection":false,"bypassConsent":false,"dataSets":{},"apiTier":"Standard","isCustomApiConnection":false,"actions":["ListOwnedGroups_V3"]},"5fce1904-7b66-427a-aaae-eb36bb5554ff":{"id":"192b27b9-d76f-4a1d-b5c0-ec04a8396456","displayName":"Logic flows","iconUri":"https://connectoricons-prod.azureedge.net/releases/v1.0.1697/1.0.1697.3784/logicflows/icon.png","dataSources":["M365ProvisioningTool-PowerApp_CheckSite"],"dependencies":[],"dependents":[],"parameterHints":{"workflowName":{"value":"a2560cc2-b0a3-4462-8bc0-bf03d0f67731"},"workflowEntityId":{"value":"1704c22e-26a2-ed11-aad1-002248933d22"}},"parameterHintsV2":{"workflowName":{"value":"a2560cc2-b0a3-4462-8bc0-bf03d0f67731"},"workflowEntityId":{"value":"1704c22e-26a2-ed11-aad1-002248933d22"}},"isOnPremiseConnection":false,"bypassConsent":false,"dataSets":{},"apiTier":"Standard","isCustomApiConnection":false,"actions":["Run"]},"3cf34781-b002-4b0e-9b34-987b71b668cd":{"id":"192b27b9-d76f-4a1d-b5c0-ec04a8396456","displayName":"Logic flows","iconUri":"https://connectoricons-prod.azureedge.net/releases/v1.0.1697/1.0.1697.3784/logicflows/icon.png","dataSources":["M365ProvisioningTool-PowerApp_GetRequests"],"dependencies":[],"dependents":[],"parameterHints":{"workflowName":{"value":"3177dab3-5173-4eec-b2bc-946b94c5d707"},"workflowEntityId":{"value":"af8d3517-727a-ed11-81ad-00224811425f"}},"parameterHintsV2":{"workflowName":{"value":"3177dab3-5173-4eec-b2bc-946b94c5d707"},"workflowEntityId":{"value":"af8d3517-727a-ed11-81ad-00224811425f"}},"isOnPremiseConnection":false,"bypassConsent":false,"dataSets":{},"apiTier":"Standard","isCustomApiConnection":false,"actions":["Run"]},"6025aa48-88e7-4e16-93c2-bfe47d4b8d36":{"id":"192b27b9-d76f-4a1d-b5c0-ec04a8396456","displayName":"Logic flows","iconUri":"https://connectoricons-prod.azureedge.net/releases/v1.0.1697/1.0.1697.3784/logicflows/icon.png","dataSources":["M365ProvisioningTool-PowerApp_SendRequest"],"dependencies":[],"dependents":[],"parameterHints":{"workflowName":{"value":"304db7e8-f63b-4684-8e30-f6105b0f915c"},"workflowEntityId":{"value":"b5a5faaf-717a-ed11-81ad-00224811425f"},"workflowDisplayName":{"value":"M365 Provisioning Tool - PowerApp_SendRequest"}},"parameterHintsV2":{"workflowName":{"value":"304db7e8-f63b-4684-8e30-f6105b0f915c"},"workflowEntityId":{"value":"b5a5faaf-717a-ed11-81ad-00224811425f"},"workflowDisplayName":{"value":"M365 Provisioning Tool - PowerApp_SendRequest"}},"isOnPremiseConnection":false,"bypassConsent":false,"dataSets":{},"apiTier":"Standard","isCustomApiConnection":false,"actions":["Run"]},"2b5fbc91-b09b-40ce-86e2-5307ada5a649":{"id":"192b27b9-d76f-4a1d-b5c0-ec04a8396456","displayName":"Logic flows","iconUri":"https://connectoricons-prod.azureedge.net/releases/v1.0.1697/1.0.1697.3784/logicflows/icon.png","dataSources":["M365ProvisioningTool-PowerApp_GetRequest"],"dependencies":[],"dependents":[],"parameterHints":{"workflowName":{"value":"b4e6ce25-b561-4c42-948a-e5a722c90724"},"workflowEntityId":{"value":"769c1a47-727a-ed11-81ad-00224893bd7a"},"workflowDisplayName":{"value":"M365 Provisioning Tool - PowerApp_GetRequest"}},"parameterHintsV2":{"workflowName":{"value":"b4e6ce25-b561-4c42-948a-e5a722c90724"},"workflowEntityId":{"value":"769c1a47-727a-ed11-81ad-00224893bd7a"},"workflowDisplayName":{"value":"M365 Provisioning Tool - PowerApp_GetRequest"}},"isOnPremiseConnection":false,"bypassConsent":false,"dataSets":{},"apiTier":"Standard","isCustomApiConnection":false,"actions":["Run"]}},"databaseReferences":{},"almMode":"Solution","performanceOptimizationEnabled":true,"canConsumeAppPass":true,"enableModernRuntimeMode":false,"executionRestrictions":{"isTeamsOnly":false,"dataLossPreventionEvaluationResult":{"status":"Compliant","lastEvaluationDate":"2023-02-01T11:55:21.8491081Z","violations":[],"violationsByPolicy":[],"violationErrorMessage":"The app uses the following connectors: shared_office365users, shared_office365groups, shared_logicflows."},"httpActionRestriction":{"appUsesSharepointHttpAction":false,"enforcementStrategy":"Legacy","evaluationTime":"2023-02-01T11:55:21.8490117Z"}}},"appType":"ClassicCanvasApp","appComponents":[]}}