{"__Version":"0.1","App":"e1b20250-7db4-4410-ac3a-d665f320b5d7","Test_7F478737223C4B69":"8dea0a53-ccc2-466b-85e2-67ac7077c6e8","Host":"d259fdbf-457f-4a1c-a03a-d17b98e226d3","cmp_ProgressBar":"e0c794f2-d76f-4c45-b291-d501022ad47e","shpCircleSelectATemplate_9":"f26c624f-7167-4fd8-a3ce-0a17efd9aae2","shpCirclePrivacySettings_9":"6d83d589-e3a4-4224-9323-e5bee217f40f","shpCircleTeamInformation_9":"a883ad2c-45c9-4909-bdf4-63fef72feb72","shpCircleAddMembers_9":"155fc5f2-9e54-407c-a604-a4b504df46d8","lblNumberSelectATemplate_9":"3af21703-30f8-499f-ab6b-e9f305e7e261","icnSelectATemplate_9":"057ebe56-4015-4d77-87bf-793105f350a9","lblNumberPrivacySettings_9":"093bcbd2-835e-4326-8504-7f0f69f548ae","icnPrivacySettings_9":"c3a851d1-cfe4-434e-a875-3589cf00c4eb","lblNumberTeamInformation_9":"bd85dcb9-c5ff-4670-aba3-ce15bb9f4e52","icnTeamInformation_9":"a32a6ba0-b6e0-4483-bd1e-34b382598dac","lblNumberAddMembers_9":"2b3aaf35-4710-48c9-b21d-63e472e08bb8","icnAddMembers_9":"f59950e7-9a54-40fb-aade-ac1b4e18699b","shpTabRectangleSelectATemplate_9":"4b2a74f3-355a-4c92-8074-153dd8931114","shpTabRectanglePrivacySettings_9":"b42b8a8a-935b-4def-ab00-efd6d9e591e5","shpTabRectangleTeamInformation_9":"f487055f-f151-48c4-8bb1-96044256267c","cmp_EnvironmentBanner":"6a3c0c3f-6a55-4ff1-a3da-cc9690d5e386","lblEnvBanner_Title":"1e4925f9-eb63-45b3-b50c-ad0162e9a088","scrn_Landing":"8d2e233e-2bc8-43e0-907b-c34e05edf02d","cont_main_landing":"812da64c-acea-4fe7-946a-806e2df46495","btnHomeScreenbackground_NotABtn":"54b5cb2f-a588-4003-99bd-f1745c044661","Icon4":"98309a6b-8f43-49f3-b617-481fa29d2609","lblBuildTitle":"0c7fb2fa-2078-4b39-b879-63f0dad8addb","btnBuildStartNow_sharepoint":"a2a9bc7e-224b-4411-ae6b-4dda58d6c89a","Image1_7":"4bbd488b-3577-4be5-9b9b-0ca46f8e4488","Image1_8":"fa7da81c-16dd-4776-ac32-b1015992ca48","Image1_9":"777556d3-288a-4e15-8040-9ea48b346395","Image1_11":"e038a2ad-452b-4de9-ad72-a6707aaa72ea","lblBuildSharePoint":"14d55748-da30-49f7-8149-4520a1e72a1c","btnBuildStartNow_teams":"148404c8-9637-4a73-bb5e-518fa606d82b","Image1_6":"6dc41515-13f6-4898-bfc9-6aae61fdf29f","lblBuildTeams":"933ad399-7427-4a9a-8762-f093ce6a4aa7","btnBuildLearnMore":"73765c4f-4a6c-4f15-ab49-f29dcf620b3e","btnBuildStartNow_mailbox":"690dfedf-f5a5-434a-9e2a-f2c7ec705754","Image1_5":"496800f3-8491-4d21-8f89-87a984228ba3","lblBuildGroups":"387cddfe-812e-44b9-8702-a338c724d161","imgSpinner_MyRequests_1":"49b1cecd-3698-46ae-8f65-ec014cd77179","lbl_EditRequest_FormTitle_11":"90fc8b6b-80f2-40dd-b16f-f903f034d950","btnBuildLearnMore_3":"3a5af967-a0ea-49b8-b2c6-14b8df06fdd6","lbl_EditRequest_FormTitle_13":"92ab49bc-149c-4043-8d68-aeaa7fb79622","dropLanding_ViewFilter":"1f07f7ec-f4e7-40c7-9948-30b7c273ea55","icon_loading_refresh":"f443fcc0-aeb8-4992-8048-633d5128f0db","icon_Landing_InfoPannelOpen":"d4ebcbc7-1463-4e08-ba32-d81fed4caed6","Icon5":"c0b187f1-6ee0-418b-9d2f-2efcbed42525","lblComments_MyRequests_3":"487985b8-60f7-42ab-9481-18aa8aeba359","lblComments_MyRequests_4":"0423864a-46ed-4f4c-ad07-d099cb7aac36","lblComments_MyRequests_9":"1108e193-cbf0-4539-a7e3-cbdf77f3ae50","lblComments_MyRequests_8":"cdb1de8a-d2a6-42bf-9c33-aa359a488b22","lblTeamName_MyRequests_1":"a96b0d0e-c9a5-44ab-8071-57323af53ff0","lblComments_MyRequests_7":"f4459c74-607b-4017-b84c-cbf7c75cdc4e","lblRequestedOn_MyRequests_1":"5b33c779-cee5-4c05-a397-46953a75eff0","lblRequestedOn_MyRequests_3":"dd928436-aa5b-4bc9-bc8b-998cff56078d","glryLanding_MyRequests":"ef7ab1b5-99ac-4b34-b3e8-9518fa8706c0","galleryTemplate1_1":"252accf9-ba2c-4846-ba60-238325b6d8d5","btnOverlay_4":"ce17fe40-714a-46fd-bdd8-6bf4acb9ccdf","lblTeamNameGallery_MyRequests_1":"6e71fff5-3dbb-4ebb-a8f5-d837421ba5e8","lblRequestedOnGallery_MyRequests_4":"166e5dc1-f587-483f-a554-094c35386843","lblRequestedOnGallery_MyRequests_5":"2944d005-1e46-4dd4-8411-380bcdb7065e","lblRequestedOnGallery_ApproverGroup":"93133ae2-d6b0-4363-8698-3c56cf074499","lblRequestedOnGallery_MyRequests_9":"95e32e11-6d17-435f-98dd-13e394692c8b","lblRequestedOnGallery_MyRequests_3":"32e773ad-77de-4558-8856-679b08975f8f","iconLanding_OpenAsset":"c56177e1-4660-4bd1-9f8c-262adc359a06","Button2":"fa67d2ca-6f56-473c-a6c6-95997dde32b6","Image1_3":"e40934da-e925-4455-ab28-b0ca3475b41b","shpSeparatorGallery_MyRequests_1":"36b7b657-f009-4402-856d-eb4e108e6042","shpSeparatorGallery_MyRequests_2":"d620d679-afc2-4695-b7ee-90096f02ed59","cont_leftoverlay_landing":"cd387d8d-8b03-4ec7-902c-c8c43e6826ce","Button3":"b2e91ac3-771a-4bb9-8953-f9a0df81f270","cmp_EnvironmentBanner_1":"851cb1f2-6046-4f4a-a249-1c454f855a83","cont_sidebar_landing":"6c494891-dc66-4a65-9da5-f564517231b8","Icon4_1":"eb6c936f-ce38-4d2a-88b3-a75db475c9d6","btnLanding_ViewRequests_1":"06616641-8737-4d3c-838d-672e5f709ed6","btnLanding_ViewRequests_4":"0738fdbb-e7b8-416b-a94c-19988275e044","btnHomeScreenbackground_NotABtn_1":"3bde09d3-147e-4b00-8a1c-9b001c3c2cae","lblUserName":"ef3f2aa8-666d-4848-a4c3-22d6199e914c","lblUserAgency":"573514a8-4b24-44f2-a927-4a702ba9564a","btnHomeScreenbackground_NotABtn_4":"f16641e7-9755-41d7-8ec4-3d9885de928d","lblUserName_1":"13d577b6-01a6-4978-b731-f5f715b14481","lblUserAgency_1":"6a8dfd14-bd2e-41ee-b883-255d5e820cb0","cont_info_landing":"ca33018e-8a97-41f0-ac35-5b55238166fc","lbl_EditRequest_FormTitle_22":"5fa2db5d-014a-46d0-89e4-f859a7a0d4c5","iconLanding_InfoPanelCLose":"1844f4ff-ed8d-4c62-b662-84c2af8277fa","lbl_EditRequest_FormTitle_21":"af9a48ac-0885-4349-a49a-24fdcf9270b7","cont_filters_landing":"a81e32e3-437f-40dd-a4b8-0a35837444cb","btnBuildLearnMore_2":"5079edd0-241d-4dcf-be93-05cc0c6044af","iconLanding_FiltersCLose":"b028b56b-ef03-4f55-89f9-ad8c7f4ccb2e","lbl_EditRequest_FormTitle_14":"80490a22-acba-42f2-a1af-00b7d86d986c","dropLanding_ViewFilter_Status":"c386f5ab-4ac3-49a3-a7a0-83bee3498fb5","lbl_EditRequest_FormTitle_19":"5da693f4-2048-4f3f-a49e-09b1ba5cbda0","dropLanding_ViewFilter_Type":"561ef6a5-539c-49d0-bfb2-99fedd3be381","lbl_EditRequest_FormTitle_20":"d78291d1-dced-4811-bc6b-41baf0628073","dropLanding_ViewFilter_ApproverGroup":"fcb3ec26-8aab-4ea8-bbd4-20cbc3386488","lbl_EditRequest_FormTitle_16":"93832686-0cbd-4199-9258-592d06aa440e","dropLanding_ViewFilter_Agency":"f10f58a7-d23d-433e-8ed6-d4474bd45221","lbl_horzLine":"37146152-58ab-43a4-9a11-5d8408b114be","lbl_EditRequest_FormTitle_17":"6e8522b0-a1cc-4e5d-addc-e778313e6fdc","dropLanding_ViewFilter_SortBy":"3060eb71-ce1f-48fe-86fa-ca526fe27cc6","lbl_EditRequest_FormTitle_18":"6185c781-3081-4182-90e3-869c7099f7d9","dropLanding_ViewFilter_SortOrder":"834a39b3-2c6a-4397-b53a-2e9e5e1e1dd5","scrn_Request":"29abbcc5-1c61-4121-a18d-b724e2c8f61a","cont_main_request_sharepoint":"52794442-1947-4be5-96f6-81861233afdc","lblheaderbg_1":"7e56bd95-3cf0-4e37-9f2a-3384414ff776","rect_LineBetweenPanels":"757587a1-2d1a-42f8-9662-2d84fb05183e","icon_Back":"925f5f4b-3984-4071-8c99-69b9713a6c23","lbl_EditRequest_FormTitle_1":"789ef418-c6eb-4310-89c3-a37c8d1bca1d","icon_Back_1":"3dd671f9-98d0-41b7-8ff2-c482dd594f95","Rectangle1_30":"824a04fc-8162-4dd0-9bda-1bcc174a4b45","lblValidationName_13":"45087057-afa6-4981-ab35-2771746309d7","lblTemplates_17":"c8805846-3d6d-497a-bd99-e471359ac2d4","lblSPHubSite_62":"4e384d61-464c-49c0-beec-361ae2c29688","dropSPSiteStorage_Edit":"edefb13d-66f9-4c44-b3ed-50dfe04da139","cmboCreate_UseExistingGroup_Edit":"8b686e7d-5dd6-463b-8019-0ff0a12b834a","toggleCreate_UseExistingGroup_Edit":"e03eea47-2ada-4224-b67b-fca2e5712efb","cont_controltomoveifgroupistype_2":"3a4800e7-97f9-4846-8bf3-120e5d0ff246","lblValidationName_8":"e92db12f-3f96-4b70-a214-58a7b6d5e773","lblTemplates_13":"51b32469-6c36-47b4-a954-7d4136e5ce6f","txtSPSiteName_Edit":"be436e85-683a-4d8d-a672-3438d2d53fbc","lblValidationName_7":"4dd6e13d-3c5b-4607-8ab2-046335f54247","lblSPSiteURL_1":"9b6bf06d-6334-44f7-9fab-8312e73ce455","txtSPSiteURL_Edit":"768c75db-2857-4fad-a4e8-06990842d765","btnSPVerifyAvailability_1":"4fda6479-28a6-4874-b877-4ad005b350bb","lblURLMessage_3":"40c6e66b-eb62-49b1-9055-f4b90d0c28d5","lblSPSiteAvailable_1":"66a3e247-6b6f-4926-aba8-f1f7be276f97","lblURLMessage_4":"c795bdad-7cd6-48e2-aef1-7371c986e024","lblURLMessage_5":"58d1fae3-beab-47e0-9b68-6e7ca7917579","lblValidationName_9":"23be1597-32f8-42a8-b0de-8cfa49445428","lblTemplates_14":"7d6e45bb-3522-495d-840f-3b58b2a11507","txtSPSiteDescription_Edit":"d0dd47fd-5ff0-4b8f-941b-18e2f8504aab","lblValidationName_11":"5a38b1ca-fc7f-49ef-bc30-8084aa9fef60","lblValidationName_17":"c36d3c7c-d745-4291-902c-c1843d6e61dc","lblTemplates_30":"82a592da-bc01-4e0c-b231-8143cd9b7c86","cmboSPSiteOwners_Edit":"2f8324ef-0a44-4699-9553-400943832710","lblValidationName_10":"7fb42875-4a4d-4ba4-8e1d-6920c3a5e9db","lblSPMembers_1":"3404c24d-869d-4a67-ab31-54bacb197bda","cmboSPSiteMembers_Edit":"ec9b8d6e-ee9c-47cd-9adb-f266828af3ef","lblSPHubSite_8":"7388e68e-5cba-4d0e-b2b3-2537ff750645","lblSPMembers_15":"f09a1444-22ad-41ef-9037-02aa8f29ee32","lblSPHubSite_60":"075be38d-c9a9-4cb4-a026-c37c5aaab291","lblValidationName_15":"daf477c9-cdc3-491f-93ec-7f97f9b2fcf8","toggleCreate_PromoteToHubSite_Edit":"8c9b7b7b-3423-46a5-ac5d-8d68f840a772","toggleCreate_HideFromAddressList_Edit":"ca3a37aa-9401-471f-b43b-55373e3d8451","toggleCreate_ShowInSearch_Edit":"cf6e50f7-dbc6-46f0-9bdb-cc987eeba96d","lblSPHubSite_9":"c6fc6eb7-9288-4486-a4d3-36cd94df242a","lblValidationName_12":"48357ad4-c40c-4198-a773-2e021cb8ed8c","lblSPMembers_16":"bc349fac-9f29-4142-865b-b9ca0798d778","lblSPHubSite_61":"363b0623-f542-4e59-ac65-00c35d9cf846","txtSPHubAssociationSiteURL_Edit":"6d5dc1fc-e1fa-45ab-8129-5cd5107b86e2","toggleCreate_AssocToHub_Edit":"194ad09e-3e27-4a5e-a495-788e7261b2d9","toggleCreate_HideFromOutlook_Edit":"1b62456a-37d7-475f-acb2-ddf83811298a","toggleCreate_Visibility_Edit":"5c12eb23-ce85-43ea-aa3d-d87588b795a5","toggleCreate_ExternalSharing_Edit":"3dbcb032-52bb-4254-8d07-838d374d0511","lblSPHubSite_10":"31676194-ba94-4fa5-a007-d464417eb9ea","dropSPSiteSharingLevel_Edit":"21fd7162-aa7d-4587-9236-9db2cb26f244","lblSPHubSite_23":"33843bc2-633b-4dc8-8aa6-43b623d60689","dropSPSiteLinkSharingType_Edit":"5cd3bc28-c317-45d9-a005-8d9cff86e433","lblSPHubSite_14":"af7353bb-e59e-4b44-a7ab-72f74acd074f","dropSPSiteRetentionPolicy_Edit":"5269017d-0bb9-4fdf-b129-c7240a7fcce8","toggleCreate_RetentionPolicy_Edit":"01a4496d-676f-46bd-b71e-fb0f093361fb","lblSPHubSite_12":"e94d3fe6-43eb-4dd2-9813-5d38a28da640","dropSPSiteReviewDuration_Edit":"a56f57fb-d3d9-424b-a506-d35ca1dde4ab","lblSPHubSite_13":"2bd37f26-c005-4abd-82c9-e6fb9fe44539","dropSPSiteDataClassification_Edit":"1ae426c2-8303-4665-bb39-3f21f999ac52","lblSPHubSite_11":"44841371-db33-4647-80a7-eb4975f5e7fd","datepSPSiteSiteExpiry_Edit":"1d615bfd-11c5-401d-a77d-9d2d37e80486","btnSPEdit_Delete":"14f62af0-8e5a-4220-8cd3-232fca23866b","btnSPEdit_Cancel":"d5da1b4c-8efa-40c4-9f2e-c7f01415c528","btnSPEdit_Clone":"92b83d37-6148-4fd2-8335-f168cd064438","btnSPEdit_SaveDrafts":"a1b0e044-c8c4-4033-a92c-46d4f9fabd2a","btnSPEdit_SubmitUpdates":"768a71a6-1df3-4f38-b3b9-f9cb26aa71d8","btnSPEdit_ProcessUpdate":"d9562027-c1db-4a8a-88d9-fdd2923c5b73","cmp_EnvironmentBanner_6":"2fd9a403-430f-4816-837c-ce41b6dc7766","cont_sidebar_request_sharepoint":"2ae675c2-2f06-4289-82ab-4a6f1f28916f","btn_SP_Stats":"12c791b6-c80b-4e7e-9f51-a7fb95f988e4","btn_SP_History":"a8f5d69a-ef12-4197-9728-393cddc19def","btn_SP_Approvals":"3dc2a083-efe8-4ba7-b054-773ce349fd82","cont_HistroyPanel":"601d3292-1e77-4892-b386-aa50ab8a7291","rect_btnHistoryUnderline":"8654dcef-3a9e-4804-ba09-b26049df14c0","Label10":"dcb2f74c-7105-4c4d-94eb-b3b0560ad892","gal_RecordHistoryItems":"91bd858e-6578-4016-bb04-a54dc93e7e37","galleryTemplate3":"93c7c9e3-545c-4b57-9418-6635ff65643f","lbl_EditRequest_Type_2":"b9fb5a3e-9e73-4c6b-8773-3cda4a989379","Title3_3":"4db42b06-774e-438a-9bbe-f40082d44157","lbl_EditRequest_Type_4":"69da4dd5-8671-4f06-a53f-8ced3390c112","Title3_1":"63f50aca-f7ec-4b13-9ec2-fde31def78f0","lbl_EditRequest_Type_3":"3a818d2a-498b-4bca-9909-9b77c8c400d0","Title3":"86640761-aa9b-42f7-92ea-1a7284bfcd75","lbl_EditRequest_Type_5":"dcf62078-e3f4-4888-88ce-069a5a97e04a","Title3_2":"ad17d6a7-fa84-46b5-85b2-10fab996e7b9","Label8_1":"6d80fb43-574e-4d85-859c-9aa9fbf07e55","Label6":"518f6d03-0a0e-487a-9ca3-c3ca3c73091e","cont_StatusPanel":"b104406d-a3bf-4b29-bce5-c01f037a2534","rect_btnStatsUnderline":"5932a858-6eec-4de3-b56b-78e6984cd659","lbl_EditRequest_Created_1":"2496cce0-9451-47d5-a9ba-e7edc81ec370","lbl_EditRequest_Created_2":"54777b77-b790-4ab2-85db-67274bbbe5ea","lbl_EditRequest_Type":"147efc4a-a9d5-43ac-94a1-9d9381862eef","lbl_EditRequest_Type_1":"89a8b4f1-c631-459d-b727-31e583af0af7","lbl_EditRequest_Status":"01c9f6a0-1ef1-4938-88d9-fe6ae1bea563","lbl_EditRequest_Status_1":"c9ede0a2-3011-48d1-b1fe-088bd33e18eb","lbl_EditRequest_Status_2":"07f9f1a0-bf6d-4f70-bbf8-1b4112050913","lbl_EditRequest_Status_3":"62b2c7a8-64ab-4a90-8439-b9267c0513d0","Label8":"e6db89bf-260c-43aa-8b0f-26ccd6868696","lblTemplates_83":"016f1ba0-1945-4577-8ae4-7b781df2a6fe","lblTemplates_80":"3afec0d6-4361-4dc2-9e80-aae722d075a1","lblTemplates_78":"d1310272-4201-4e70-ad44-046479177522","lblTemplates_74":"5a02910b-cc4f-4532-953d-39e4df1df1ba","lblTemplates_79":"c5498ce6-e2b2-4858-8874-de936548598d","lblTemplates_76":"d6bad501-6b96-4abc-b36e-34a1dc660c17","HtmlText2_1":"d9815371-0352-42fd-95d8-fba2b0f69fd5","lblTemplates_75":"c0514bc3-864c-4623-83c8-ad72b6e21220","lblTemplates_81":"aa235440-9c27-4483-b1ed-5afe7714e423","lblTemplates_77":"78dc5a78-bc40-4d14-89b4-9696830863d6","lblTemplates_70":"fd402e50-0496-40c7-bcbf-360ac339d7ca","lblTemplates_82":"ae2cb58d-77c8-4ad8-9203-c65588feb01f","lblTemplates_71":"e315b66f-6c26-450e-83e1-bae4a8d4c440","lblTemplates_85":"7b079f9b-cdb0-4fdf-bf9e-7dd621d569c3","cont_ApprovalPanel":"70a3ba81-c744-4a5c-b828-ab013fa83a7c","rect_btnHistoryUnderline_1":"a644396e-25e9-4d0a-ab06-243c76d435d4","btnSPEdit_CancelSubmission":"ff497eda-31e1-4e18-b27f-ca62bd48de75","Label8_2":"ac354e63-00fa-4ed8-8d08-4381cb65887d","HtmlText2_4":"d4c24d24-d32d-4057-b3c1-42cfd51e6122","lblTemplates_84":"e5c3b2f8-7fce-4d37-82d4-25fdaa0e298f","lbl_EditRequest_Created_3":"424cd836-bd39-4a71-8021-78a2a92648de","txtSPApproverComments":"3f650377-1b2d-45ed-95dd-bcbb571fd860","btnSPEdit_Rejected":"f94e104f-1b5f-4a83-8940-e3bc11202d5b","btnSPEdit_Approved":"1bea23a8-07f7-4188-980f-e9735c544b1a","scrn_Create_Template":"fdaf3af1-86d7-4b60-8797-9a679ed97cef","cont_main_create_template":"395587fb-21ad-4b2d-afb0-04f9168e6188","cmp_ProgressBar_Template":"517f88b9-0df2-4624-958a-db5889e66c91","Rectangle2_5":"95ee23d8-8f91-4059-918c-0d02794cfa6f","lblSelectATemplateHeading_6":"049f7877-002e-4330-b172-774c73960611","lblTemplates_5":"2382f376-c30f-488f-907f-36e5550c2828","txtTemplateNameFilter":"76bad40d-9649-49a0-81f8-ac8dceaacf39","Icon6_1":"beefc066-917d-4663-827c-a3c47c8366db","Label11_5":"b776444c-b8ee-436f-a8c7-ec5fc32a625f","Rectangle2_15":"5bdab10c-f72f-4b37-b10c-bb0300eb77af","glryTemplates_1":"38cd001f-dd40-4a5a-8324-b5cada728515","galleryTemplate6_1":"f03a8081-c22c-444b-aaa1-6c97bd64bf7a","check_Select_glryTemplate_1":"12fdc86c-c8a1-49a4-b014-8de941f190a3","Title2_1":"33336e0b-767d-4de6-943f-09451d26efd8","lblTemplates_4":"a60e4582-8c9d-4911-b46b-d71302398e69","Image2_1":"79a770b0-82ef-4bd0-87a5-a1f77001d94d","Rectangle2_11":"df3aa1da-cc12-41d4-975f-3625ac036fe4","imgSpinner_Template":"b8f63fa9-7f07-4793-a729-029c757a5567","Label11_2":"f85c8400-7117-4c6b-9080-ad133a549987","Rectangle2_10":"7dfe4ebd-d6d2-4202-b118-0823e572daeb","glryTemplates":"7e95e25c-53b3-43d8-b3e0-e10e14b045a4","galleryTemplate6":"8709fc1b-8122-44b9-92fa-d92399deac90","check_Select_glryTemplate":"3ad1f9e2-4ba5-417b-aa96-cc34a7ec3702","Title2":"07519fe0-1bdf-4cd7-9d36-13c2e663b155","lblTemplates_3":"3de8b78b-675d-4951-af93-554fcb1125f0","Image2":"6b77745e-25cf-4fd7-96b2-ac9705f196c5","Rectangle2_7":"67e3956b-f99b-47dd-b919-89539a25444e","lblCheckCountinGallery":"121a78ff-ba8d-4fd5-a1dc-6c94860299dc","btnGotostart_SelectATemplate_1":"2a09421a-8a6e-4f82-853d-f83528f155c8","btnBackTeamInformation_2":"e951b34e-83de-4b49-9c8a-08976001586b","btnNext_SelectATemplate_1":"c9df65cf-81c5-4604-940b-263ff2b1549a","cont_popupconfimback_template_group":"496f4ad2-dc8d-4147-8317-992d8b341338","shpChooseTemplateBackBigRectangle_5":"369a5213-49f3-472d-aead-2d6d911f2eb4","cont_popupconfimback_create_group_modal_1":"bbd497d7-170f-4f25-825c-104bcded2054","icnChooseTemplateBack_5":"a919fac2-9231-4f49-a15a-6024db976668","lblChooseTemplateBackText_5":"1118d060-6c68-4670-b6bb-42e69f2bfd2a","btnChooseTemplateBackYes_5":"db078ac7-2ce3-4dd2-bd2a-c67e77938b0d","btnChooseTemplateBackNo_5":"554906a7-0eab-407a-9fe0-51c43e0a35b5","cmp_EnvironmentBanner_3":"76d9f983-f4a9-4497-844d-a70c1f5d4a31","cont_help_create_template":"9f6bb1a1-042c-4a0d-a58d-80509321d7e5","cont_help_create_template_info":"1dff89ed-7ae1-43b5-85bb-a8de81be276f","Label4_11":"379b198d-b36f-4447-b589-5f35046e12e5","Rectangle1_20":"181bf201-2064-4174-b6b2-89b45399fbce","lblTemplates_56":"6d55514d-1ffe-4185-bdea-22f154215a06","lblTemplates_91":"c0fc0b3d-f880-4125-85af-eba2ef288ae7","cont_help_create_template_summary":"3a9f8cc2-ee09-49ad-bb36-33eac690c3bd","Label4_26":"2ac789a5-c7c1-4ea2-8144-0270c99ef0f3","Rectangle1_36":"5531c043-e4e5-4904-ab24-1ee82d073f6e","lblTemplates_92":"ff84dac0-f3fc-4c17-8c87-d3291b7ea935","scrn_Create_Details":"c941db29-2ff2-4987-a567-4db622156163","cont_main_create_details_sharepoint":"d5fcc9da-e556-4cb7-86c9-c912cf7766b7","cmp_ProgressBar_Details":"ebc96270-ffc2-430e-bedb-2f36b8380917","Rectangle2":"a666d132-fd4d-4d7b-ba7d-41952446d6da","lblSelectATemplateHeading_3":"977ef6db-dcde-4097-81aa-a7e7e46cda78","cont_controltomoveifgroupistype":"f9cb811f-c3f9-46b5-883e-85e4fcba22b9","lblValidationName":"f75cc22a-66a6-42fa-abc3-aae7bf6f4602","lblTemplates_7":"378b2f32-7f29-423c-ad6a-a359303a3efe","Icon1_8":"2598e96e-219e-4872-8bd3-c05c1db541be","txtSPSiteName":"3788805b-7d93-4fcf-82c1-b37a557008d7","lblValidationName_1":"f24f1030-7c3f-443b-b5ab-70c0f48f990a","lblSPSiteURL":"55251be7-37df-434c-87ab-fb7e3db145c6","Icon1_9":"03c84ede-0b8f-4809-aebc-52cd635ae912","txtSPSiteURL":"d7db2547-dfd9-4d3d-9b7e-685eb3cd6ee5","btnSPVerifyAvailability":"5c8fb6a1-c015-4913-ba26-9f44cef8d6fe","lblURLMessage":"fc4831dc-c3d6-41cb-8578-eb5f44c44605","lblSPSiteAvailable":"ffe54b13-b0c0-4217-a550-bfc0dbce96ac","lblURLMessage_2":"48f8d902-99e2-4332-8e68-3a6bb150a49a","lblURLMessage_1":"576c704d-5975-42e7-85b9-cff762b7a69f","lblValidationName_2":"d7e1d53c-e9d6-4cf1-abcf-2b37629950ff","lblTemplates_8":"c6d81eb2-c844-4173-9824-1263318c6858","Icon1_10":"4c0916b8-6ce1-41bb-9645-14d47f44323c","txtSPSiteDescription":"94a72353-c746-4b3c-bc17-43057f9a52a4","lblValidationName_4":"eac229f8-9b63-49f8-af5e-577f5c153f57","lblValidationName_16":"8ad5f94c-8029-4e71-84a1-4d8170ad0894","lblTemplates_28":"004728cc-9922-4dd7-af58-8e8030618cc9","Icon1_11":"7c35bf21-f5fc-4113-88e7-11f3fd3ff88e","cmboSPSiteOwners":"25fb1f62-ed8a-4f25-bd6a-8157d019dbb8","lblValidationName_3":"7a1d228c-bdf5-4578-8f41-d33a05114e11","lblSPMembers":"58fa1207-b400-4f50-81f7-b590207f463d","Icon1_12":"92c2f35b-06c8-4e55-a6dd-79031b38c082","cmboSPSiteMembers":"4d14e6ff-0911-40ec-b7cf-ca1db22c3421","lblValidationName_14":"22cc3386-8db7-44ff-bfc9-eb1b03fe7f17","lblSPHubSite":"b38c45b3-8aac-4cb4-b364-65a4c3f612c9","Icon1":"33507a0d-dc9f-44b0-af80-bd4c360a15d1","lblSPMembers_11":"f22a084e-73f8-4670-85ec-8d06dcb65a9b","lblSPHubSite_55":"07214595-c4b6-43ec-b567-cb65adffe133","Icon1_47":"3e8bf2c7-5089-4a3b-a16b-b6f41ee9f0b5","Icon1_45":"edead1be-afdc-4467-b529-a4446f7668df","toggleCreate_PromoteToHubSite":"8ba2a3e6-0f29-44bd-bce5-69350960ca58","toggleCreate_HideFromAddressList":"4f146dac-1368-4a7e-a616-2f9d00017555","toggleCreate_ShowInSearch":"0fd41347-a6e2-4c51-843d-765610751cba","lblValidationName_5":"bbc3e5f9-048b-4149-9986-81a229d85907","lblSPHubSite_1":"7e8d1262-ed8a-4787-9f69-df9ae9b9c9fc","Icon1_1":"490e9727-b9ef-4efb-a8e7-3b72741c803f","lblSPMembers_12":"f6bab63f-9cce-474d-924d-331882bb4250","lblSPHubSite_54":"4e062ef5-176a-49bd-8ca4-d73ab1945c11","Icon1_48":"b49b7c23-c49f-41c9-a0e0-609b65e317e0","Icon1_44":"ed7893ee-fd54-4942-b5cd-e40e1d74ccdb","txtSPHubAssociationSiteURL":"4276f169-0734-437a-a096-be52f5282e8c","toggleCreate_AssocToHub":"2a0b9cdd-9192-4bf7-b3a8-940231a5d1a2","toggleCreate_HideFromOutlook":"d0fdfe9b-e7e9-4021-aa4a-610b05eda153","toggleCreate_Visibility":"0fd7f045-2593-4238-af22-0bc875296e36","toggleCreate_ExternalSharing":"adf62e91-33a5-47f6-8add-6909a106e5d0","lblTemplates_16":"f427342c-c44a-43da-a77b-dbd3354b3515","lblValidationName_6":"5fe21a98-afca-41bb-b978-e97cbf68c0f0","Icon1_7":"0fff209b-a921-462c-8a87-79f75e0aa51d","lblSPHubSite_56":"8500d9ba-77ae-41bc-8acf-64efe6a59afd","Icon1_46":"da5e7db8-de4a-44c1-b22e-e44d898c27bb","dropSPSiteStorage":"11e3f3d2-b946-4314-8afa-2c14dd63c021","cmboCreate_UseExistingGroup":"b9fe4b63-e264-44f8-a0eb-1218ef9a044a","toggleCreate_UseExistingGroup":"2fc3786e-4550-4a71-928f-a0ba7085279e","lblSPHubSite_2":"e07ab825-708d-4340-adf2-0494ccc71e56","Icon1_2":"921b4f72-fa15-4925-b611-88826dc24a5a","dropSPSiteSharingLevel":"3ad314f4-240e-427d-9603-173709555f8e","lblSPHubSite_15":"94b3c476-a974-49dc-bdbb-4323ced76263","Icon1_13":"a5a99d9e-3d83-4187-9cf7-e7e2ffa525f6","dropSPSiteLinkSharing":"e69b7fc5-34e6-4f85-8fb0-a6f6e9252122","toggleCreate_RetentionPolicy":"a10bcd38-d868-402d-bce3-64bbf8afa5c3","lblSPHubSite_7":"8c49b38b-6999-4a6c-8105-fdbc94998d70","Icon1_6":"da9edc8d-faf6-451a-9f17-3ceba167e024","dropSPSiteRetentionPolicy":"dcba8250-9a17-469d-b639-39919fdf1cb7","lblSPHubSite_5":"2d88ab73-5c77-4463-aacb-ec02bf6a9270","Icon1_5":"4d1cef56-0a38-44ca-9a87-97c39235e284","dropSPSiteReviewDuration":"b8f5fa91-a6dd-4a1a-943b-24aa10eb7d8f","Icon1_3":"f5a693fb-959c-4914-85ca-401a69ce36fc","lblSPHubSite_4":"4b0a5fc0-3063-49c2-a239-c0dd45e40cd5","dropSPSiteDataClassification":"6e34e84d-7602-476f-b92f-db89016ed11c","lblSPHubSite_6":"2b084dbe-2930-4e6b-a779-6dead78c6b06","Icon1_4":"66c57c64-4813-42da-86be-6541182e74bf","datepSPSiteSiteExpiry":"f6296854-6d32-4c29-8bdf-e679438cf928","btnGotostart_SelectATemplate_3":"3067ca64-6e16-4913-aa17-48f727b02ab0","btnBackTeamInformation_1":"1f53d755-2a2e-4910-a68d-bbe766b336b4","btnNext_SiteDetails":"e5195945-d559-4794-9024-37ee714c1b6c","btnNext_SiteDetails_Save":"70b813d5-dbdd-4977-b65c-6eb8472d34f6","cont_popupconfimback_details_group":"bfeead0e-b6ff-46e8-9023-4c059d513bce","shpChooseTemplateBackBigRectangle_3":"971b7835-b371-4ce4-b1b2-fdefe4cbdc77","cont_popupconfimback_create_group_modal_2":"28675dd9-644d-45d1-921a-9fc15b90985b","lblChooseTemplateBackText_3":"da5edd0e-1a5a-4e43-ab01-472530bf112d","icnChooseTemplateBack_3":"f89ac289-cbb2-4209-91ab-7069deee365f","btnChooseTemplateBackYes_3":"f2ae36aa-b72a-4e6e-9bd4-4610dc28892a","btnChooseTemplateBackNo_3":"7cdd8329-0871-4927-b593-d6b88925e30f","cmp_EnvironmentBanner_4":"252b88ed-af63-4498-8454-c74de3d84799","cont_sizebar_create_details_sharepoint":"d6a50db4-8765-4a67-a4b5-eaeea9eeca8c","cont_help_sitedisplayname":"642ccd6b-7972-4410-b80c-b485f08b0c96","Label4":"e3bd3eb0-6882-4e15-8aa5-d71dd07cd78a","Icon3":"d39b4555-cb39-4c73-9a1e-652ee3e5d262","Rectangle1_3":"100103cd-c4b8-45be-916f-6ff41319ca76","Label5":"e50afdeb-2acf-4c01-99cf-9777e69d3619","cont_help_siteurl":"58b559b1-7db1-44d7-83d2-754484c17011","Label4_1":"4679a9ce-112c-4ed6-86ba-39256d0701da","Icon3_1":"71791afd-c80d-4103-b80a-032b30a93424","Rectangle1_4":"72fe1604-0e98-4ce1-bc43-4705b0fe7980","Label5_1":"6c3bf7ca-9aa6-469a-9889-ab500d952a2d","cont_help_description":"3d64d736-ff51-477e-b306-52ade0951d13","Label4_4":"90b5ff8a-7b99-4804-8852-c3dce397905b","Icon3_3":"444c1887-77d3-4124-af10-4b2ad27f1dd7","Rectangle1_5":"961ab673-4ea7-4e3b-951c-41bc223715e2","Label5_2":"41ca5a92-3333-437e-bc27-db6ec51c0cbb","cont_help_owners":"d10b6b2c-d426-4e29-b996-9a69cb5f645e","Label4_5":"6307da02-92e0-415d-8fcf-41e465396070","Icon3_4":"0b5936c9-c8ac-4d11-b8cc-e6c5cd4c184f","Rectangle1_10":"9252ea47-7f7b-45be-aba1-c6f6febe6860","Label5_3":"4083bc2e-5fc8-47d8-a04b-7873fd7ba7e4","cont_help_members":"47976578-f22c-430d-981d-9c69debd298e","Label4_6":"b6772408-360f-4a49-8471-4513a7126129","Icon3_5":"e50e47ba-0166-4e37-872d-8c684333c37d","Rectangle1_11":"3403ac14-cfdf-4600-9998-30ef9ed47a2b","Label5_4":"9e153998-37c0-4bcc-9545-c025e5edc299","cont_help_hubsite":"d4de2211-60fa-43c7-95eb-a032aaffc244","Label4_7":"c7a4a4e1-a8c5-4322-aaae-ac3c8946c589","Icon3_6":"a1fe440d-0944-49ba-9cae-ea0430b9193f","Rectangle1_12":"b601aaeb-a884-46b6-b979-f27b220e64b6","Label5_5":"43679539-e6cc-4f4e-be34-8c8d2abb41eb","cont_help_associatehub":"0a9928c9-891e-4ab6-a61e-c59ed3da0c77","Label4_8":"07c2baad-b56f-425f-a25a-d1972f1b8aec","Icon3_7":"8838686b-2c84-4d78-bd0b-cb7def60e58b","Rectangle1_13":"b7468479-55a8-4101-b641-f879edc494c7","Label5_6":"b6571c28-c352-4d7a-9226-d20294b54194","cont_help_linksharing":"0f154890-c9e3-4ae4-8b1b-c0053edc5c1e","Label4_9":"b4439a06-d88a-4b1f-a703-933b8dc6d0b4","Icon3_8":"019af92c-3e82-42ef-9a9d-bb4b89fabb07","Rectangle1_14":"b7dd1a10-783b-4d54-b759-a0fb291e3f49","Label5_7":"6e252306-5f08-4c4a-ae26-376cee6dbe63","cont_help_retention":"898eb1c7-9355-40c3-84ac-48d41c5ce26b","Label4_12":"6e6064a9-6788-45cd-bfa3-6e1904f51ced","Icon3_9":"837d138d-a73e-4a21-8102-6c24a41cf5e3","Rectangle1_15":"b74c6065-df31-4106-94f6-5306a5ead3ac","Label5_10":"1e98905c-5bfe-4816-a4c0-ae4b4d66b997","cont_help_dataclass":"467c75a4-afc1-40f8-89a8-e7ad9f600112","Label4_13":"9b6f9b43-d44c-4fda-a654-7c4ef279d608","Icon3_10":"1e935eaa-7ed2-4cc3-b0ed-36e85faf3843","Rectangle1_16":"3e512215-81d6-4b44-b0ca-d2650c4b15c9","Label5_11":"695adaf3-1851-41b2-8d4a-414af91072bb","cont_help_expiry":"2f55226c-d9cc-4871-b913-9dc26b754fcf","Label4_14":"698be84a-8ab6-4eb2-a4de-374eb1c4e610","Icon3_11":"bd12f606-6218-4101-a0a6-4f97ae9c955d","Rectangle1_17":"ecf785f0-4a93-4656-bead-8d01818c2ef1","Label5_12":"817f77cd-5b83-4c5e-b65b-b8a70af4b50c","cont_help_review":"7e5ff285-307a-4f58-8519-6ce9772086af","Label4_15":"c82d0868-a415-4cf0-a73d-213bb45754ca","Icon3_12":"86ea2025-69c7-438d-8bd8-ca49b9673eec","Rectangle1_18":"1be08d29-d989-4cc0-83c6-5c07a47dcdf2","Label5_13":"68776497-8dd7-4643-b3d7-8792c72c533f","cont_help_storage":"47c89cdb-4437-4e52-8215-9ca88d5e64b2","Label4_16":"77ac961d-0d60-4af2-ada5-7c2b62ba548b","Icon3_13":"7db65e4f-2830-4c1b-ad73-6a48af6d1f4a","Rectangle1_21":"bcfe891a-74f8-4b90-8394-6c19dcbe3219","Label5_14":"9a8eabfa-e169-4094-9c85-3fdf97bfae75","cont_help_showinteams":"98e23240-470c-47b1-8ec9-2f960b63f0af","Label4_17":"890d3fef-325a-4233-9f41-646c08fdea33","Icon3_14":"81ddd223-3e10-4578-86d9-bef104fd9fc4","Rectangle1_24":"1b8e9d80-a721-4739-ae5e-10d673bd7e96","Label5_15":"c6d2786f-22e1-4478-8b08-e1733b80bbbf","cont_help_publicgroup":"b46f1df3-3d09-46b4-b010-6e51e78ee7a0","Label4_18":"34828441-2999-4f88-b88b-6dd0868c5fef","Icon3_15":"8e711c55-e531-419d-96a0-653ec7f92064","Rectangle1_25":"7ed4ee02-d3e1-454f-9dcc-14dedc10c066","Label5_16":"391053eb-cb82-4df1-a0f7-d8b5ce9d495c","cont_help_hidefromoutlook":"24729432-2b23-446d-bec0-18d972f81f47","Label4_19":"14dc7eaf-e0cf-49d4-9f92-a767dc7b3411","Icon3_16":"0d7cbdb4-2f58-4000-9ee4-74c5504613b9","Rectangle1_26":"3ca13d59-0860-49b4-8106-9b4c5468e7b5","Label5_17":"c930e331-56d8-46a1-9144-286458408a07","cont_help_hidefromaddress":"595d2278-e79c-4125-b30d-9dba130c6675","Label4_20":"c3863966-394e-42c0-818e-fda9d69223e7","Icon3_17":"60dd03fd-f55c-4f2e-a095-d0cb66d64999","Rectangle1_27":"2e86a087-3db1-40c4-8ab2-8a01c32f6f36","Label5_18":"f2258f7a-1c82-40fe-b7db-c33c007bdb08","cont_help_useexistinggroup":"c804f39b-91a0-4510-8538-30ae445badb0","Label4_25":"01e2e39f-e53a-490b-9d34-c9a99efa7767","Icon3_2":"c76d44a6-c2ab-4bb2-9d06-d224b4744a8a","Rectangle1_35":"8026aff6-7400-46e1-912d-da5b0ab3d588","Label5_9":"0a974c42-91b9-433f-98c9-c857db8a7464","cont_help_externalsharing":"051d1556-fff9-4df8-8f99-1820b481d8df","Label4_27":"708250c5-163e-43e0-ad05-a22fa0886fa7","Icon3_18":"ad3cb483-008b-468c-813e-43c07944550a","Rectangle1_22":"6f38596b-4116-4fed-aa76-e9e3cb88b215","Label5_19":"9dbde488-51ce-4f9d-ae85-b0f0cd51c63d","scrn_Create_Group":"71423f02-9c3b-4633-9a5c-1f8dda391ee4","cont_main_create_group":"74ecbba0-f175-4b26-9392-65319b65bf11","cmp_ProgressBar_Group":"29cc26f8-3f30-4ebc-88ac-6b327fd484f1","Rectangle2_6":"3f0e8da1-3293-4bab-b58f-87d4e8f15d50","lblSelectATemplateHeading_7":"2f37897c-756f-4f70-b4a8-59b7a1967daa","lblgroup_NameSearch":"590b2389-ad87-4859-8dde-ae7c8696d417","txtGroup_NameSearch":"ccfc75f9-eea3-4e6d-a603-1d318bae5c85","lblTemplates_11":"fb972f9c-fb55-4b96-8dc1-4d4c28876a04","cmbGroup_AgencyFilter":"ea7c9aec-57e4-42a2-8095-1c71ec51432e","Icon6":"bb2a7ffa-9b41-4691-bcbe-5e9da0eb221f","Label11":"eff18a38-4c15-43f9-8164-06d1fe90e578","Label11_1":"c5e8c4ed-8bf2-4214-896d-dc01d0d8b2fb","glryApproverGroupsSelection":"d5167b5c-2cb7-4038-bf4e-47ca029ba87d","galleryTemplate6_2":"6a37f023-33d5-4f0f-8b69-6882e102fdae","check_Select_glryApproverGroup":"0d8a294a-37da-473b-a915-13d7698cb464","lblgroup_Title":"d782b44f-48f0-427a-92af-894b3bc74379","lblgroup_AssociatedAgency":"433aa333-c982-47be-8369-55b7ec817c82","Rectangle2_8":"6f964257-8b43-4450-ba29-b95c2128970b","Rectangle2_9":"67cda485-cef3-4bd1-a899-6594bffd3d62","imgSpinner_Groups":"c0e56bab-8ea1-418a-9e58-b397524b4c7b","btnGotostart_SelectATemplate_2":"c9346ff1-c031-4d2b-9d82-e25aaa342acb","lblCheckCountInGallery":"9459ce48-94fa-42d1-9bc9-0fd356c24523","btnNext_SelectATemplate_2":"7b3c08f9-d838-4dce-91e9-d18dd0687a95","cont_popupconfimback_create_group":"b9fab50e-21d0-40b5-b72d-122639f03af3","shpChooseTemplateBackBigRectangle_2":"69e4f8c7-5dfe-41d1-89a5-c8faa3504d99","cont_popupconfimback_create_group_modal":"3e129115-017f-4034-95d7-62f54b32c054","icnChooseTemplateBack_2":"f87ac8c3-e93c-44ae-8e02-6dbd0375305d","lblChooseTemplateBackText_2":"9a181ae8-39b8-411a-920d-20a3d70ddc54","btnChooseTemplateBackYes_2":"7551c656-6b80-4881-84a7-f7488b4fd9c2","btnChooseTemplateBackNo_2":"729316e7-57ee-4362-8f39-c744ed948dbd","cmp_EnvironmentBanner_2":"2c0cb724-8ccc-49d7-8e35-d5fc398bae45","cont_help_create_details":"6bc279a9-e9df-4ca6-ae66-d8ae86ddc554","cont_help_create_details_info":"9225ef12-8fee-4359-b5eb-1be3631e282d","Label4_10":"7ca44041-6239-4204-a751-06b0b43ed897","Label4_21":"552098f8-9c09-4b41-b3c1-ec589f04e5a6","Rectangle1_19":"4f047a17-6877-4f3e-a2f3-e22edb42414d","Rectangle1_31":"23fb3eb4-e69d-4e05-b5ef-6751993a9ac5","Label4_23":"a4d3a613-09b1-43d9-baed-10e2a6b5480f","lblTemplates_88":"11f1da8c-9eff-4f7b-9ab1-f5bfbc3043e4","Label5_8":"cb5e266c-c56b-4b1f-82f4-2a1eb9a53c25","Label4_22":"bad4cecd-e851-449b-a21e-b787728860ad","Rectangle1_33":"c3ddd923-3f58-45bc-b44b-2c64d750292f","Label4_24":"adcf87ff-ffdd-41bc-9063-76bdcee565a8","Label7":"b4fb32d4-9a66-43f4-92d3-41d2215a4b4c","scrn_Create_Review":"e14c42ad-f419-4344-abcc-32988b2c26f7","cont_main_create_review_sharepoint":"3e4b6e48-8f81-498d-bbbc-4dcc39d9add2","cmp_ProgressBar_Review":"155b096b-1631-40eb-a1d2-1f94b7b60a00","cont_controltomoveifgroupistype_1":"1d9ceef0-cfb7-46f5-b583-8716b86bf52e","lblTemplates_9":"8fe231d4-ebd1-4a4e-bdd6-9db80e0cbf9b","txtSPSiteName_1":"fd329181-d56d-47a7-aab2-819f5e3aa0ca","lblSPSiteURL_2":"bb1d0fef-ca70-4a2e-a039-6d2f06b6e837","txtSPSiteURL_1":"da23299d-4e37-45c0-bd7a-ac13132004cd","lblURLMessage_15":"fb102fd3-404d-400c-8a64-ea55743ab3f3","lblURLMessage_18":"5e512bbf-dbc0-461b-9705-fe3d834c761d","lblTemplates_10":"3381b458-b54f-4c31-b84e-35b8c20b6ba9","txtSPSiteDescription_1":"8d8752e6-ecaf-4602-8e97-1b7f7cfef605","lblTemplates_29":"f6e8447e-dbf2-473a-a446-2f9346bb11b6","cmboSPSiteOwners_1":"dfe958cd-a8cb-4a44-b50b-088873ab037e","lblSPMembers_2":"ca6607ee-6580-44b9-9130-0a9c24918a1b","cmboSPSiteMembers_1":"4d1e8174-28f7-435e-9fdf-b0366c81f84a","lblSPHubSite_3":"abf0a925-b486-493d-89aa-ef59ca4b06fe","lblSPMembers_13":"665742f9-3a91-4d10-a8a3-1f79375d7261","lblSPHubSite_57":"7eefae1e-d66a-48e9-9154-7aac6158051f","toggleCreate_PromoteToHubSite_1":"6ba85025-b927-4566-8d2a-a3f9ec7484ef","toggleCreate_HideFromAddressList_1":"0cc5efb4-b908-4d62-b5f6-2589ed6cdf25","toggleCreate_ShowInSearch_1":"02fb557c-5ab9-478c-9e43-e5a0b3802765","lblSPHubSite_16":"4251bb75-51fb-4efa-964e-3c417af98ed5","lblSPMembers_14":"a0f61a1a-3301-4917-8bde-e520b98d460f","lblSPHubSite_58":"b5168b5d-b682-464e-bbe4-ea5b9a943e06","txtSPHubAssociationSiteURL_1":"aa3d5de5-6d45-4ebb-b6e6-520587f48859","toggleCreate_AssocToHub_1":"7f8c23be-82a1-4814-a819-7aa92d7d8bde","toggleCreate_HideFromOutlook_1":"6407ff8b-1fa2-4143-8030-5e887877f6fa","toggleCreate_Visibility_1":"e9b02c14-bf86-41df-bcd9-d5d367e01e15","toggleCreate_ExternalSharing_1":"6f041d61-0bca-4534-8380-7c81a1613036","Rectangle2_1":"54e2c104-6cf5-468c-a340-d8a86318bd9e","lblSelectATemplateHeading_4":"91f89e0e-8faf-41ac-8682-156a8e58a49d","lblSPHubSite_59":"f8518c29-0ba2-49c1-a014-2260cb390a7e","lblTemplates_18":"e1f5e523-9b65-4f4a-aaff-3cac6f302e5f","dropSPSiteStorage_1":"815c3173-3b0b-4380-903c-2c6875f2cf48","cmboCreate_UseExistingGroup_1":"2adcc0bd-3d2f-422b-8309-2b8d4d172af1","toggleCreate_UseExistingGroup_1":"f418197c-ca7a-451f-8054-7b0100e63378","lblSPHubSite_17":"6c5d286c-28a9-4c6c-9e1f-2572b647f2c7","dropSPSiteSharingLevel_1":"239f5243-4638-4e9b-9457-af0e44e8688f","lblSPHubSite_22":"a3eb8226-e477-47ae-9bc8-4141d0e537e9","dropSPSiteSharingLevel_2":"cddd2ab6-ddd0-49d5-baa0-adc892fa1583","lblSPHubSite_21":"fff3854e-ad4e-43b2-b744-727e968a12db","dropSPSiteRetentionPolicy_1":"56c8b549-fe00-4b45-a33e-7fd58de65a13","toggleCreate_RetentionPolicy_1":"5793f98f-0434-4c11-baa9-8cb04c7209bb","lblSPHubSite_19":"8bb802b7-20ee-4d59-93d0-6d8d10554c31","dropSPSiteReviewDuration_1":"26d138c5-a1a9-4992-921c-3f4593d29497","lblSPHubSite_18":"dec9a596-6d08-45e9-a99e-0bf092be023c","dropSPSiteDataClassification_1":"933b5452-8668-476e-aeea-c62d0fb95aa0","lblSPHubSite_20":"a6bc3f55-c958-4fa8-acc5-193e15ee11a5","datepSPSiteSiteExpiry_1":"adc8ebe4-994a-418c-b2d5-31f8a9d5dede","btnGotostart_SelectATemplate_4":"7b626fa6-7f67-4891-b445-25c33dabab2d","btnBackTeamInformation_3":"731a48b5-017a-4acd-8ebb-3e8494b65a37","btnSPSubmitReviewAndSubmit":"0d0ef647-f9f9-4df2-87d1-4e0e1389b7dc","cont_popupsubmit_create_review_sharepoint":"c0d39989-2785-4f15-9dc3-3eb1f5d38b60","shpSubmitBigRectangle_4":"8c967ebf-1d88-417b-b9fe-2792afe1cb54","cont_popupconfimback_create_group_modal_4":"4c79b716-41bf-4f87-a5bc-a626b899c3cf","lblRequestSubmitted_4":"542aed9f-29e5-4a8a-b9c5-02ec354649c6","lblRequestSubmittedDescription_4":"56450a92-13f7-49a9-ba3f-b87cc76e1b83","btnRequestSubmitted_4":"1922a84b-4d8f-4647-84c9-68f4e6a5d6fc","cont_popupconfimback_review_group":"b7a958c6-8366-4a28-9e47-7cac25fcb5a6","shpChooseTemplateBackBigRectangle_4":"f056a71a-f1af-45cd-87a8-92424101fb6a","cont_popupconfimback_create_group_modal_3":"abeb9ffc-bc38-42ed-ab27-fc1a3b638354","lblChooseTemplateBackText_4":"66518c22-44c7-4ff7-a009-3c39a4808d33","icnChooseTemplateBack_4":"8a2b5d08-18c7-4bd5-8c8e-35cbd4d0985c","btnChooseTemplateBackYes_4":"2bd83dc1-f5a5-45b3-8296-9f985c74fec3","btnChooseTemplateBackNo_4":"a973908d-1db1-4fa3-9836-c4d8941b7f74","cmp_EnvironmentBanner_5":"163c62e6-ee71-4e97-8654-5ccfb88208e7","cont_sidebar_create_review_sharepoint":"00b7f1b9-c2ea-4a7f-b098-52b06bb9c529","Label4_2":"e165a756-424f-439c-9f49-670aa655a64a","Rectangle1_8":"7965834f-8e85-4932-8fc9-965c9e8f240c","lblTemplates_61":"76f7ef1d-072e-4056-b29d-b5901c9488b7","lblTemplates_57":"aade94c5-2220-4b9c-94b1-a59d51e79020","lblTemplates_62":"72ac51eb-2da2-48a9-94a4-c36c2b9b77e5","lblTemplates_59":"fdb9d763-be5a-498b-9095-2c0fde6e8fff","lblTemplates_89":"ffc26a5d-afd1-4e4b-a627-60a3375258bd","lblTemplates_87":"603c84bc-9215-44ae-a88d-786c424bf985","lblTemplates_58":"2bd13298-014b-415d-9a2b-6e8ea01835fb","HtmlText2":"9e1ecc36-ed51-4ca8-a1a1-eb012c38a81d","lblTemplates_64":"240dbd31-ac90-49a1-86d1-2bb8c09d9d14","lblTemplates_60":"4c3e2283-bc54-4c8c-8bbb-18df426cb58f","lblTemplates_65":"6e3276fd-0b30-4bdd-8548-f3a1fa0c2fc4","lblTemplates_53":"e32c2a0a-69c8-4869-8e6f-389b13c1485f","lblTemplates_68":"56a0098e-2766-49e6-91ff-15259b9b4f77","lblTemplates_54":"c7e9b874-85d8-44e2-a4ed-871c587d6baa","Label4_3":"f8f413be-550a-4b64-8221-42ed84145ba8","Rectangle1_9":"c43e0724-7b51-4910-9508-f12df76c1b1c","lblTemplates_86":"8b033736-c9ad-4148-a3fe-fdda05955f6e","scrn_Splash":"8316dec8-8141-4308-ac93-5977a0484e3c","cont_main_splash":"4e6c70b4-f6f4-47e4-af81-26d855dfbc04","btnSplashTimerCodeFinished":"45a8becc-e4f9-4197-bb34-e06efa07a3f7","timerSplashScreenAutoNav":"5f037906-215a-4c4c-a51b-d29950a1fcc5","img_splash":"02d31c0a-220f-4bee-ad43-5f84c3e8ad0a","img_splash_2":"77cd3a05-1622-4303-b0f5-5ba4842e02ef","img_splash_3":"86b9438c-9408-455c-a5cb-62163eb23479","img_splash_1":"866b6396-3425-492e-b5d1-e982ad7113c3","imgSpinner_Splash":"9c22b218-4d45-4f83-95dd-0782c2cf6d1d","lbl_SplashMsg":"4e896852-ace5-40c2-8fa1-5bde6d64e520","cmp_EnvironmentBanner_Splash":"2e6f40c8-ec56-4ed7-91d4-0951499c8a13","scrn_ApproverGroups":"5e40932c-c2e5-4d00-97f1-4a3830d9044a","cont_main_ApproverGroups":"f9b5f9b3-4038-45bb-9eac-6221ade1ef5c","lblheaderbg":"8e101630-3681-46ba-8082-535dfc29ef46","lbl_EditRequest_FormTitle_5":"ef0f6f75-f31b-4180-86d7-aa4acbd9a958","btnRefresh_ApproveRequests_3":"802594f6-c970-4480-bf32-8f441150f304","lbl_EditRequest_FormTitle_8":"45dc4322-2041-4d23-9c50-d6560d50127d","dropGroups_ViewFilter":"54d9d93d-95e2-4de1-8a7b-3b2ef32ad90f","Icon2_4":"7bc9d3ec-9deb-4abd-bd7c-01c98970f58a","icon_AG_refresh":"3fe46021-51f7-4f98-8221-42336f148e83","icon_Back_2":"a9bd7f62-5923-4df5-bbdd-4a0d20efb0c0","Rectangle1_28":"233d5a59-0f94-4261-922a-ad24567f3473","lblTeamName_ApproveRequests_1":"13517f71-d3c1-405b-9510-c7cc2790240c","lblTeamName_ApproveRequests_6":"480710af-dcdb-416b-b66c-839731d58198","glryApproverGroups":"9575e0ae-4b40-46c5-9e77-987456841aa9","galleryTemplate2_1":"cc6649cd-5267-4a5b-882f-9d78e58c98ba","btnOverlay_2":"9839c14c-9027-4380-b28d-a1770de3e29f","lblTeamNameGallery_ApproveRequests_1":"3c3193b4-fd3a-46fa-8e45-65c50ba0192d","lblTeamNameGallery_ApproveRequests_3":"1d71caaa-19aa-42e7-ad30-3710463e1487","Icon2_5":"f95b4659-dc18-4a27-bdd3-e79ad68a6511","shpSeparatorGallery_ApproveRequests_1":"f8bd37ad-5141-4a85-96d6-f6ef9f0b52a7","Rectangle1_29":"deb3468e-f09c-46fe-8aaf-b5c483040d23","imgSpinner_GroupsTemplates":"b401425b-77a3-4e7e-aa48-b1990e7104c4","cont_leftoverlay":"be3c490f-7c7c-4a21-9dd5-bb1723179d44","Rectangle2_12":"2ce776cc-4ce5-4ff4-9c14-aa0fc410fd67","cmp_EnvironmentBanner_7":"7c952bf5-585a-4e8c-abf4-6af82e6dee1b","cont_approver_details":"6fdd66d6-726f-472c-91b0-333e4d9caec7","Label2":"44af5f00-c02d-4baa-911f-35eff5f096e2","iconag_Delete":"5826d35a-eb40-4042-b0fa-b586bacb3537","iconag_Save":"706dda07-7b4b-4578-b508-333a1e206d3a","iconag_Cancel":"b95f6de2-6dc6-4a52-a9fe-c1b013a9135d","vertContainer_ApproverGroupDetails":"98647afc-38e4-4566-b65f-8a13d6fb20aa","lblag_TeamVisibility_8":"09617167-d5dc-48b5-9f9a-0ec32bc68a38","cont_approvergrouptitle_label":"80834626-df98-467d-97a7-348e652b9cb8","lblag_Title":"1b156ad5-5a2b-4f23-9ef0-85c001a9eaf7","iconag_Title_Icon":"d20f74fe-2527-452a-899a-2565d413b11c","txtag_Title":"4f75ec09-6cf8-428d-80c6-38d0c434dd30","Container2_1":"1c434e80-86fd-451a-8ab8-ea8f0fcabc8e","lblag_InfoPanelText":"f45c7a9a-f91a-4dee-a635-96723d59bd3e","iconag_InfoPanelText_Icon":"6b1e8cee-e87e-4186-8cd1-c20028a1766e","txtag_InfoPanelText":"876bb45b-7062-4445-a756-3fde4eaf79fe","Container2_2":"719884f0-5ee1-4225-a5ad-9b40e5a47e47","lblag_Title_2":"5f08aa28-ce0e-4b30-af0c-cdf2974f8248","iconag_Title_Icon_1":"ecf5941d-9d70-4d0f-b5fb-f480a83810ab","txtag_MoreInfoLink":"497632ab-f239-4810-a527-8b221f53ccbe","Container2_3":"ced6def9-3d52-4fc0-9715-fdffdd4adcd1","lblag_AssoTemplateIDs":"9d3267d5-7a87-408d-9ed4-dd9a4c5d41c6","iconag_Title_Icon_2":"e2e893e8-da5f-4090-ab93-7e2eb4ac0dc8","cmboag_AssoTemplateIDs":"b3bb76a9-65f1-474c-a340-a11d8e8370ce","Container2_4":"fee0f15f-a466-4284-bf8c-76fd87d0a81c","lblag_AssoAgency":"41e3c049-a7b8-43df-b27a-233b5f86280b","iconag_Title_Icon_3":"6a438f6b-c65d-4697-bee5-75e1699dc2ed","dropAssocAgency":"40c9e62b-0608-4643-9b77-aeaef8488dcf","Container2_5":"bab7ff86-04bb-40dd-a349-61e1f5a8a114","lblag_Approvers":"7212521c-c3b1-44b3-bce9-a3dcbb22a2a2","iconag_Title_Icon_4":"e378c486-0c7c-4122-b8b2-3e476f57fc48","cmboag_Approvers":"27b022dd-0cbe-474e-8990-657fd21594c1","lblag_SiteURLPrefix_4":"8edc8417-47fd-4589-9b26-1e02bb03306e","lblag_TeamVisibility_7":"d59e0903-1dc2-4db3-80d1-c8e2bea0c73b","Container2_6":"6c998b27-cfe9-410c-8f20-20e990a71992","lblag_Title_1":"56af0c2b-83d9-4f24-b768-ef2639472242","iconag_Title_Icon_5":"400ebd3d-5c8d-4692-99d5-7dbc1106f4e5","txtag_SiteCollectionAdminGroup":"058f9df2-c709-48d0-b3f7-bf74f3319dd4","Container2_7":"cfad2bb3-a5bc-4e06-b993-fe01dd75b968","lblag_AssoAgency_1":"85a2d44a-834f-4a3a-b2e6-fb1144fd9998","iconag_Title_Icon_6":"f627057f-3a5c-493a-8545-e848c5e5ea0f","dropag_Sensitivity":"fddd7a66-6a3c-43c7-9e33-ba796a9a7860","Container2_17":"f545aa09-d746-434f-bb91-2caafa9b5085","lblag_EnableURL":"9b0cb83c-7c39-42a4-927d-e592a5ad9137","iconag_Title_Icon_29":"9d4837d5-0946-4f7d-9f8d-18c7be996311","toggleag_EnableURLChange":"4504ff43-d8c2-4082-9b5f-9289a0730563","Container2":"d3e2ac27-451f-4f88-b3bf-54c9026f9ea7","lblag_SiteApprovalRequired_3":"e61dfc96-3e6a-4761-909b-e0ed390340ec","iconag_Title_Icon_7":"e0a70133-6e48-4e50-aa99-2c66b1dbc8f8","toggleag_EnableExternalSharing":"9a5683e8-c0a1-48c5-9b4a-9a7b036a2d84","Container2_8":"7196888c-5714-4df7-a510-23440694af62","lblag_SharingLevel":"8d50978e-299e-4d08-9c9e-4a0db3dc0f40","iconag_Title_Icon_8":"ebaa2ccc-126a-4ce9-af14-5d63cc4b3320","dropag_SharingLevel":"73826b5e-3e51-48c9-84a1-75728db0ea3d","Container2_15":"7fdd92d6-5d6f-49b5-adb1-be4986428263","lblag_SiteApprovalRequired_5":"85203aea-2eb5-4c23-acc7-3ad2dc311a23","iconag_Title_Icon_27":"f56d0292-09af-4119-9d39-7714bb7b4cbd","toggleag_AllowLinkSharing":"4905abb9-46e7-479f-aa30-4b7dd0e04567","Container2_16":"e9a96522-219e-465c-9b26-f7c3aa83a9a6","lblag_SharingLevel_1":"00308faa-f506-41c7-88de-f0a21d9c47ea","iconag_Title_Icon_28":"3e663798-3feb-4409-a7a5-ea47ee851dc7","dropag_LinkSharingLevelDefault":"6038f49e-96c9-4ab5-bd08-8a71285be961","Container2_9":"aa34ffb8-69f5-46d5-9ca7-fe1a1f393768","lblag_SiteApprovalRequired_4":"a0fbe6bd-6541-41f7-9ac0-655c1bc13a12","iconag_Title_Icon_9":"bfb76aa0-9ec1-45bd-9f2d-96260602b171","toggleag_RetentionPolicyEnable":"3ac12677-69ec-41f3-9cd2-911103e7f90d","Container2_10":"70086842-123b-4c0a-ba94-fd0c9284535e","lblag_RetentionPolicy":"937e4c71-83f7-46b7-9bd6-535269d22696","iconag_Title_Icon_10":"9ada5288-8ae9-4790-9f33-51581c367ad1","dropag_RetentionPolicy":"6720dce9-e083-4c09-8f37-7a8b07b5ef67","Container2_11":"0134b237-e8dc-45b1-aad5-13af19c9889c","lblag_SiteLanguage":"8bd990a3-a3af-4872-8394-4426c0231e6d","iconag_Title_Icon_11":"7f47e97c-770e-46a6-98a7-83312e5cebff","dropag_SiteLanguage":"7c92c8b7-2635-4580-8783-c32cd3a8bcb9","Container2_12":"8ef3a984-1c47-4594-a5f4-cd70a306249a","lblag_SiteLanguage_1":"418c638b-bd5d-4f00-88b2-99c7d30a6668","iconag_Title_Icon_12":"ffdd4648-e8c0-4b92-92ff-a1a5c3f530ba","dropag_SiteRegionalSettingsLocal":"b23f37ae-8a38-43c9-959a-0898a08e49a4","Container2_13":"e5dbae92-285e-4f73-b9b6-669d56ae1e30","lblag_SiteLanguage_2":"55e93be5-a033-4f58-8451-e2abf0ece814","iconag_Title_Icon_13":"91b70f9c-a89c-4e4d-8b28-e7aba0e3fa0e","dropag_SiteRegionalSettingsTimeZone":"173f4254-399f-4c9f-8b8e-73a7455fe564","lblag_SiteURLPrefix_2":"ca5cc8ec-7fa5-4ecb-b48a-beadebcae92a","lblag_TeamVisibility_4":"a830c645-9908-4283-993b-274a80b5fa7b","Container2_14":"338e986e-a1e0-477c-b472-bc77ecc771f3","lblag_GroupApprovalRequired":"d3622561-471a-4d33-8660-c02ea10bfd36","iconag_Title_Icon_14":"ee808477-4cdc-4cfd-a9c4-8416f88b7835","toggleag_GroupApprovalRequired":"37788062-3a73-49e5-8fff-02d4a8e76347","containerTemp":"9c887fab-f132-4d6a-b29f-d9384827b4cf","lblag_TeamVisibility_3":"ca9a4835-b47a-49dd-873e-364e91a3c22b","iconag_Title_Icon_15":"31535c77-fe0f-47d5-8124-9636b08576fa","txtag_GroupMailboxPrefix":"12d3f408-5c1a-4b46-af14-5ad62e2d9413","containerTemp_1":"7ee22bf7-9b3f-49f6-8368-bd183bc505d3","lblag_TeamVisibility_1":"60ec5444-84a4-4e12-a6c0-d91aaa598440","iconag_Title_Icon_16":"df59fa79-ccd4-40b9-8309-ade512cd8ccc","toggleag_GroupHideFromAddressList":"dabccf17-1b47-4f8d-bbca-7e924ba46ea9","containerTemp_2":"8143615b-39af-4a8d-b711-70f7477ff734","lblag_TeamVisibility_2":"fb4704c4-7ae2-4ff1-8b26-1833c7ff33a1","iconag_Title_Icon_17":"e260af02-c848-4111-a0f7-9915c69e55cd","toggleag_GroupHideFromOutlook":"83dca424-4987-4de5-8df0-014098fbfae1","lblag_SiteURLPrefix_6":"76458fdc-0955-4530-b295-085384ee665f","lblag_TeamVisibility_5":"a085a775-a856-46e5-91de-c6580d224d1d","containerTemp_3":"874ecc3a-0846-4fa2-8e4a-f51c5b7828a5","lblag_TeamApprovalRequired":"777bdf95-0432-45fd-be1d-0725cb146959","iconag_Title_Icon_18":"6795b3e7-cc15-4ae1-a568-96712e57fa31","toggleag_TeamApprovalRequired":"ebae0516-9f02-449f-8445-1cb97c3aedcd","containerTemp_4":"20bd9721-8903-4b20-a5fb-432e0393d656","lblag_TeamsSiteURLPrefix":"60f406fe-fcde-4777-aa2a-c98775c3221a","iconag_Title_Icon_19":"ca398480-83b4-4bf2-a467-6369163cb7df","txtag_TeamsSiteURLPrefix":"853ae8b4-b66e-4c9a-930d-cfbd413f7031","containerTemp_5":"30f1a069-4474-462a-a400-d24e470834b1","lblag_TeamVisibility":"25ca4765-de11-47c2-90af-ef6092142a66","iconag_Title_Icon_20":"9b4d6239-d11a-4991-964e-d0a98832eff8","dropag_TeamVisibility":"603ee4ba-accc-4f44-8d9b-5584b3ee6033","containerTemp_6":"82fb46b3-2917-4a4f-9eda-1171965e6d0b","lblag_TeamApprovalRequired_1":"0ec208c2-8bf7-4b14-95a8-f04fca8ad5aa","iconag_Title_Icon_21":"913a2722-e5fc-48fc-b686-f8828771aeb5","toggleag_TeamShowInSearch":"fa701e99-e478-4712-8da9-f86457f26b0b","lblag_SiteURLPrefix_3":"bbe70d73-4b85-4eb5-af48-443a0fffd784","lblag_TeamVisibility_6":"60520ddf-9340-4f07-b63b-bcc8b110f049","containerTemp_7":"690a684e-603b-4d17-ac1a-bad8b19fbceb","lblag_SiteApprovalRequired":"ccd49f24-fab6-4842-a980-029d8cdbbc60","iconag_Title_Icon_22":"b522e139-3097-401f-85b6-951351393d70","toggleag_SiteApprovalRequired":"f886b0d8-ed20-4d25-90a9-f7726ec04c75","cont_SiteURLPrefix":"02a47e7e-304b-43fb-8a6a-02075384ba1d","lblag_SiteURLPrefix":"43b14f81-71d9-40be-aa7d-9777b27da1eb","iconag_Title_Icon_23":"8279373f-b4bd-4731-ae83-1f53042b2069","txtag_SiteUrlPrefix":"36b77424-3d8f-4fb8-90f8-4a432a44424f","cont_SiteApprovalRequired_1":"ed95ac53-bf5c-449d-a229-73530f055d4a","lblag_SiteApprovalRequired_1":"145683c8-e28c-41a3-8529-04c72c69fba4","iconag_Title_Icon_24":"46efaef6-0da0-425e-8833-5a7ab90d3e17","toggleag_EnableHubSitePromotion":"7d2b62fa-c902-4dcd-a741-8d4d6948e122","cont_SiteApprovalRequired_2":"f5888725-cb2e-4f3e-b1bd-3e16133577c7","lblag_SiteApprovalRequired_2":"8baa7afa-7c98-4b7e-aa22-e1e463bc4336","iconag_Title_Icon_25":"74bb59d1-374f-42db-a00d-b7d731b7fa95","toggleag_EnableAssociationToHub":"b85beded-f1cf-4ad8-98c3-0a9ea0b865c9","lblag_SiteURLPrefix_1":"968e7795-5265-455b-94da-c1f8dd78a761","Label9":"ac5035d0-1af7-4d5e-844f-ae9f9e417517","Label9_1":"a3a3dd6b-01d1-4721-8b07-97b7b8bb111f","iconag_Title_Icon_26":"13cf2519-5de6-47c4-a27d-877d63cb6cf3","Label1":"ecac35db-1818-4de7-ac8c-848ffd3d40eb","scrn_Templates":"371f2300-60a5-4e73-aa70-b474b8b4c4f2","cont_main_Templates":"1be47499-6a1e-4337-8959-cf123ec535db","lblheaderbg_4":"9ce8e663-4921-4592-9866-4072a977b05d","lbl_EditRequest_FormTitle_15":"bd170011-d5be-4242-a07c-b7487b3a01cc","btnRefresh_ApproveRequests_5":"7dc257d5-7519-474d-b07f-6b17a9706515","Icon2_9":"63afaa91-becf-491f-8686-2d64421fe76b","icon_TMP_refresh":"f7c87bf5-6c07-4820-aec6-bbc5cb41d615","icon_Back_3":"1899c24d-ae5f-42f6-9fae-4405625cc648","Rectangle1_32":"a41006c2-e9ef-4e02-84ba-4da9400694bf","lblTeamName_ApproveRequests_9":"c6225cb2-0078-45fc-b4da-2f898c3d2ccb","lblTeamName_ApproveRequests_10":"b7e8ef07-7120-4476-a571-2c467cbb404c","lblTeamName_ApproveRequests_12":"c4e94ea4-b427-4c7a-a3bc-6910232d0dc3","Rectangle1_34":"2a30785b-ab35-41be-a86a-03ff95ac6181","glryTemplateEdits_1":"7db8f3ef-4466-4dd8-85eb-fce75cef27b3","galleryTemplate2_4":"21b38550-2f9c-4bf9-a6b4-b47d4025ba49","btnOverlay_8":"3d2077ce-81e0-4a29-8594-7d2414ea5785","lblTeamNameGallery_ApproveRequests_6":"7a0ba039-179c-4da5-828d-fce072724640","lblBusinessReasonGallery_ApproveRequests_14":"e547d5e7-c70c-48db-bdbd-ad3777917811","lblBusinessReasonGallery_ApproveRequests_16":"721679c5-a677-4c6d-9f6c-341024205021","Image1_10":"b120264d-ca02-45ad-9497-39191a15990b","Icon2_11":"a64a7fe0-664d-4756-823d-992087c42fcd","shpSeparatorGallery_ApproveRequests_4":"1dfcf21c-f5cf-47f6-a8ab-40c851db3d1c","imgSpinner_GroupsTemplates_1":"b33b9db4-73f2-466c-a239-e22946db02b7","cont_leftoverlay_1":"e71f88d2-6df6-4213-a8c1-659c3e269500","Rectangle2_14":"ffa7f091-d9f5-4335-9358-3458ce162f0a","cmp_EnvironmentBanner_8":"70da9cea-e978-4da3-8aac-c4e0dcb9ec70","cont_template_details_1":"8a10de4c-5518-4c32-b827-6553450f606d","Label2_3":"4631493c-8944-4079-892f-ef091444cf1b","iconag_Delete_3":"72bc9a4c-2ac3-4981-bd2d-951eb8adc3a4","iconag_Save_3":"07a8aed5-68d0-4a96-8386-18076ba031b0","iconag_Cancel_3":"e89c6053-1d8b-4a08-9c07-fd962edfd18a","vertContainer_TemplateDetails_1":"2aa6eeda-61e0-4578-ac0c-1c277470d545","lblag_TeamVisibility_20":"4e8a9d80-3893-4a25-a7e1-8fd6963fdaad","lblag_Title_8":"167d3ed9-baf7-42f0-927c-4476fd6a8c39","txttmp_Title_1":"7728ca50-4c0a-487e-b0f5-ca581ef8045a","lblag_InfoPanelText_3":"e3cf2fad-43fb-43aa-a18a-356266885eb5","txttmp_Description_1":"3ef748e2-78ae-4b5b-859c-edaa26edb6fc","lblag_AssoAgency_6":"d76b2a93-d0d9-4949-9db1-44496c236d1b","droptmp_Type_1":"8d853a29-f8db-467a-be5b-7d73477ac48f","lblag_AssoAgency_7":"69648fc3-eed0-4086-b435-9aa90fdb35b4","droptmp_BaseTemplate_1":"f01b969b-a0bd-4ff9-825c-63927287b932","lblag_TeamVisibility_21":"d542079b-b2e9-41b5-ac0d-6c659c7c72d5","lblag_Title_9":"afb70c01-b18f-4c7a-9293-763fb6c56bf6","lblag_Title_10":"aad9228d-9a3e-4f15-8e5c-4e30c8aa7d99","txttmp_TemplateFilename_1":"03a55dff-693c-43c9-80fd-840eddaaabb8","lblag_SiteURLPrefix_5":"0644ccd2-a1c5-49b5-bfe4-fee78fb56a7a","atttmp_FileUpload_1":"3cfc653d-9baf-4081-a424-cf0b6881889e"}